<?xml version="1.0" encoding="UTF-8"?>
<!--custom confluence leia power menu extra options--><!-- changes noted in text--><!--  -->
<!--	<window type="buttonMenu">	-->
<window type="dialog" id="2185">	<!-- new -->
	<defaultcontrol>9001</defaultcontrol>
	<include>dialogeffect</include>
	<coordinates>
		<left>0</left>
		<top>0</top>
	</coordinates>
	<controls>
		<control type="button" id="9001">
			<description>Make sure we hit the first button in the group list and not the close window button</description>
			<left>-16</left>
			<top>-16</top>
			<width>4</width>
			<height>4</height>
			<label></label>
			<font></font>
			<onfocus>down</onfocus>
			<texturefocus></texturefocus>
			<texturenofocus></texturenofocus>
			<onleft>9000</onleft>
			<onright>9000</onright>
			<onup>9000</onup>
			<ondown>2</ondown>
		</control>
		<control type="image">
			<left>0</left>
			<top>0</top>
			<width>1280</width>
			<height>720</height>
			<texture>black-back.png</texture>
		</control>
		<control type="grouplist" id="9000">
			<left>470</left>
			<top>0</top>
			<width>340</width>
			<height>720</height>
			<onleft>9000</onleft>
			<onright>9000</onright>
			<onup>9000</onup>
			<ondown>9000</ondown>
			<itemgap>0</itemgap>
			<align>center</align>
			<control type="group" id="1">
				<width>340</width>
				<height>30</height>
				<control type="image">
					<description>background top image</description>
					<left>0</left>
					<top>0</top>
					<width>340</width>
					<height>30</height>
					<texture border="20,19,20,0">DialogContextTop.png</texture>
				</control>
				<control type="button" id="20">
					<description>Close Window button</description>
					<left>260</left>
					<top>5</top>
					<width>64</width>
					<height>32</height>
					<label></label>
					<font></font>
					<onclick>PreviousMenu</onclick>
					<texturefocus>DialogCloseButton-focus.png</texturefocus>
					<texturenofocus>DialogCloseButton.png</texturenofocus>
					<onleft>2</onleft>
					<onright>10</onright> <!-- changed from 13 to number of last entry -->
					<onup>10</onup> <!-- changed from 13 to number of last entry -->
					<ondown>2</ondown>
					<visible>system.getbool(input.enablemouse)</visible>
				</control>
			</control>
			<control type="button" id="2">
				<description>Libreelec settings button</description>
				<width>340</width>
				<height>40</height>
				<textcolor>grey2</textcolor>
				<focusedcolor>white</focusedcolor>
				<align>center</align>
				<textwidth>290</textwidth>
				<texturefocus border="25,5,25,5">ShutdownButtonFocus.png</texturefocus>
				<texturenofocus border="25,5,25,5">ShutdownButtonNoFocus.png</texturenofocus>
 				<onclick>dialog.close(2185)</onclick>
				<onclick>RunScript(service.libreelec.settings)</onclick>
				<pulseonselect>no</pulseonselect>
				<font>font13</font>
				<label>Libreelec settings</label>
				<visible>System.HasAddon(service.libreelec.settings)</visible>
			</control>
			<control type="button" id="3">
				<description>Coreelec settings button</description>
				<width>340</width>
				<height>40</height>
				<textcolor>grey2</textcolor>
				<focusedcolor>white</focusedcolor>
				<align>center</align>
				<textwidth>290</textwidth>
				<texturefocus border="25,5,25,5">ShutdownButtonFocus.png</texturefocus>
				<texturenofocus border="25,5,25,5">ShutdownButtonNoFocus.png</texturenofocus>
 				<onclick>dialog.close(2185)</onclick>
				<onclick>RunScript(service.coreelec.settings)</onclick>
				<visible>System.HasAddon(service.coreelec.settings)</visible>
				<pulseonselect>no</pulseonselect>
				<font>font13</font>
				<label>Coreelec settings</label>
			</control>
			<control type="button" id="4"> <!-- skinsettings -->
				<description>Skin Settings button</description>
				<width>340</width>
				<height>40</height>
				<textcolor>grey2</textcolor>
				<focusedcolor>white</focusedcolor>
				<align>center</align>
				<textwidth>290</textwidth>
				<texturefocus border="25,5,25,5">ShutdownButtonFocus.png</texturefocus>
				<texturenofocus border="25,5,25,5">ShutdownButtonNoFocus.png</texturenofocus>
 				<onclick>dialog.close(2185)</onclick>
				<onclick>ActivateWindow(SkinSettings),return</onclick>
				<pulseonselect>no</pulseonselect>
				<font>font13</font>
				<label>Skin settings</label>
			</control>
			<control type="button" id="5"> <!-- skin change -->
				<description>Skin change button</description>
				<width>340</width>
				<height>40</height>
				<textcolor>grey2</textcolor>
				<focusedcolor>white</focusedcolor>
				<align>center</align>
				<textwidth>290</textwidth>
				<texturefocus border="25,5,25,5">ShutdownButtonFocus.png</texturefocus>
				<texturenofocus border="25,5,25,5">ShutdownButtonNoFocus.png</texturenofocus>
 				<onclick>dialog.close(2185)</onclick>
				<onclick>RunScript(special://userdata/smashing/smashingfavourites/scripts/automatedscripts/opendialog.py, 2166)</onclick>
				<pulseonselect>no</pulseonselect>
				<font>font13</font>
				<label>Switch Skin</label>
			</control>
			<control type="button" id="6"> <!-- reload skin -->
				<description>Skin reload button</description>
				<width>340</width>
				<height>40</height>
				<textcolor>grey2</textcolor>
				<focusedcolor>white</focusedcolor>
				<align>center</align>
				<textwidth>290</textwidth>
				<texturefocus border="25,5,25,5">ShutdownButtonFocus.png</texturefocus>
				<texturenofocus border="25,5,25,5">ShutdownButtonNoFocus.png</texturenofocus>
 				<onclick>dialog.close(2185)</onclick>
				<onclick>XBMC.ReloadSkin()</onclick>
				<pulseonselect>no</pulseonselect>
				<font>font13</font>
				<label>Reload Skin</label>
			</control>
			<control type="button" id="7"> <!-- reload keymaps -->
				<description>Keymaps reload button</description>
				<width>340</width>
				<height>40</height>
				<textcolor>grey2</textcolor>
				<focusedcolor>white</focusedcolor>
				<align>center</align>
				<textwidth>290</textwidth>
				<texturefocus border="25,5,25,5">ShutdownButtonFocus.png</texturefocus>
				<texturenofocus border="25,5,25,5">ShutdownButtonNoFocus.png</texturenofocus>
 				<onclick>dialog.close(2185)</onclick>
				<onclick>RunScript(special://masterprofile/smashing/smashingfavourites/scripts/keymaps/reloadkeymaps.py)</onclick>
				<pulseonselect>no</pulseonselect>
				<font>font13</font>
				<label>Reload Keymaps</label>
			</control>
			<control type="button" id="8"><!-- reset pvr -->
				<description>reset pvr button</description>
				<width>340</width>
				<height>40</height>
				<textcolor>grey2</textcolor>
				<focusedcolor>white</focusedcolor>
				<align>center</align>
				<textwidth>290</textwidth>
				<texturefocus border="25,5,25,5">ShutdownButtonFocus.png</texturefocus>
				<texturenofocus border="25,5,25,5">ShutdownButtonNoFocus.png</texturenofocus>
 				<onclick>dialog.close(2185)</onclick>
				<onclick>RunScript(special://masterprofile/smashing/smashingfavourites/scripts/tvscripts/smashingstartpvr.py, cleardb)</onclick>
				<pulseonselect>no</pulseonselect>
				<font>font13</font>
				<label>Reset PVR</label>
			</control>
			<control type="button" id="9"><!-- add custom skin dialogs -->
				<description>Add custom skin dialogs button</description>
				<width>340</width>
				<height>40</height>
				<textcolor>grey2</textcolor>
				<focusedcolor>white</focusedcolor>
				<align>center</align>
				<textwidth>290</textwidth>
				<texturefocus border="25,5,25,5">ShutdownButtonFocus.png</texturefocus>
				<texturenofocus border="25,5,25,5">ShutdownButtonNoFocus.png</texturenofocus>
 				<onclick>dialog.close(all,true)</onclick>
				<onclick>RunScript(special://masterprofile/smashing/smashingfavourites/scripts/skinedits/buildcustomskindialogs.py, force, updateallskins)</onclick>
				<pulseonselect>no</pulseonselect>
				<font>font13</font>
				<label>Add custom dialogs</label>
			</control>
			<control type="togglebutton" id="10"><!-- open custom skin dialogs -->
				<description>Open custom skin dialogs button</description>
				<width>340</width>
				<height>40</height>
				<align>center</align>
				<aligny>center</aligny>
				<textwidth>290</textwidth>
				<textcolor>grey2</textcolor>
				<focusedcolor>white</focusedcolor>
				<texturefocus border="25,5,25,5">ShutdownButtonFocus.png</texturefocus>
				<texturenofocus border="25,5,25,5">ShutdownButtonNoFocus.png</texturenofocus>
				<usealttexture>!System.IsMaster</usealttexture>
				<alttexturefocus border="25,5,25,5">ShutdownButtonFocus.png</alttexturefocus>
				<alttexturenofocus border="25,5,25,5">ShutdownButtonNoFocus.png</alttexturenofocus>
 				<onclick>dialog.close(all,true)</onclick>
				<onclick>RunScript(special://userdata/smashing/smashingfavourites/scripts/automatedscripts/opendialog.py, 2151)</onclick>
				<pulseonselect>no</pulseonselect>
				<font>font13</font>
				<label>Open custom dialogs</label>
			</control>
			<control type="image" id="11">
				<description>background bottom image</description>
				<left>0</left>
				<width>340</width>
				<height>25</height>
				<texture border="20,0,19,20">DialogContextBottom.png</texture>
			</control>
		</control>
	</controls>
</window>
